customer_text,intent,escalate,escalate_reason,brand_text
"@115821 WHAT’S THE POINT OF PRIME IF YOU CAN’T GET IT HERE ON TIME?!

This is a pair of shoelaces for Christ’s sake!

What’s the deal @115821?? https://t.co/WWuHlII8Lk",Delivery/Shipping Issue,No,"The customer is frustrated about a late delivery, but this is a routine shipping issue that can be handled by standard support protocols without requiring immediate human escalation.",@562008 Sorry for the delay.^CD
"@AmazonHelp I talked to all three delivery agents, they said that Amazon don't deliver to office addresses on Saturdays and Sundays. I wonder, if it's so, then why delivery is told to be confirmed om Saturday, when selected address is office address?",Delivery/Shipping Issue,No,"This is a routine inquiry regarding delivery policy and scheduling logic, not a severe safety risk or complex technical issue.",@588595 We have sent a correspondence to your email. I request you to reply to the mail and we will assist you accordingly. You may check the correspondence here as well: https://t.co/8DAc10S7ww. ^VH
#apptreasurehunt @115850 I have just received my Safari that I won during last App Treasure Hunt.It's pretty👌I❤it. Thanks Amazon🙏❤Amazon,Other/General Inquiry,No,"The tweet is a positive feedback and thank you note, requiring no action or escalation.","@215892 We're so happy to hear that! Congratulations, Pallab! :) ^BS"
"@AmazonHelp I see, quite confusing for international viewers, but I'll pay attention frm now on. Already wrote to the customer service directly, thanks!",Other/General Inquiry,No,"The customer indicates they have already contacted customer service directly and is merely commenting on the confusion, showing no anger or need for further intervention.",@364435 You're very welcome! ^GL
@AmazonHelp No reply from you. And I have messaged your seller too.,Other/General Inquiry,No,"The tweet is a general complaint about lack of communication but does not specify a complex issue, severe safety risk, or extreme anger requiring immediate human intervention.","@220256 We try to reply as early as possible. However, you would receive the reply within 6-12 hours from the time you've written to us. ^KA"
@AmazonHelp Mais c’est juste pas normal. Je paye la livraison et mon colis reste bloqué une semaine sans raison à côté de chez moi.,Delivery/Shipping Issue,No,Routine delivery delay complaint without severe safety risks or extreme aggression.,"@766277 L'accès à votre compte client est impossible depuis Twitter. Toutefois, notre SAV pourra vous rembourser les éventuels frais de livraison engagés dans le cas d'un retard. (Si vous ne souhaitez pas nous contacter par tel, vous pouvez envoyer un email depuis le lien)^KD"
"@AmazonHelp I have no idea, how is a customer expected to know who you use for each order?",Delivery/Shipping Issue,No,"The tweet expresses frustration about a lack of information regarding the shipping carrier, which is a routine inquiry that can be handled by providing standard tracking information or explaining how to view carrier details in the order history.",@450387 Hi- It would advise on the dispatch confirmation email who the carrier for the order is. Is tracking usually provided? ^NV
"@AmazonHelp 
@115850 
I think Amazon gine mad ...product worth 1750 and delivery charge 1000 ....plz remove delivery charge i want this https://t.co/39YvwAcHll",Account/Billing Issue,No,"The customer is requesting a specific billing adjustment (removal of delivery charge) for a high-value order. While the tone is frustrated, the request is specific and can be handled by standard support workflows without immediate escalation.",@381541 can check and assist you? 2/2 ^NK
@AmazonHelp The entire intent of tweeting again was the issue is unresolved even after receiving the correspondence concluding that your team is hopeles,Other/General Inquiry,Yes,"Customer expresses extreme frustration and explicitly states the issue is unresolved after previous contact, indicating a need for human intervention to resolve a complex or stalled case.","@186821 I understand your disappointment. As our team is working on this, request you to wait and I'm sure they will do their 1/2^NK"
"@AmazonHelp J'y penserai, j'y penserai 😉@AmazonHelp Toujours là pour nous aider de ""A à Z"" 🙃😉",Other/General Inquiry,No,"The tweet is a positive, playful comment expressing satisfaction with Amazon's service ('A to Z') and does not contain a specific issue, complaint, or request requiring action.","@791131 Vous par contre, vous vous faites rare 😔😔 !! ^SA"
I ordrd som prdcts and it delivrd on 16th Oct. Due to prodct damage  rtrned but. :(  Tis ia haw amzn harasing  cstmrs. @115821,Returns/Refunds,No,"The tweet describes a standard return process due to product damage and expresses general frustration, but does not indicate a complex issue, severe safety risk, or extreme anger requiring immediate human intervention.",@407551 Please report this to our support team here: https://t.co/TdDksLo6Mf and we'll look into this. 2/2 ^HD
@AmazonHelp So what do I do till 30th October - the date when echo is expected to be dispatched? Last year's prime expired yesterday.,Account/Billing Issue,No,The customer is inquiring about the status of their Prime membership and the gap in coverage before a new device is dispatched. This is a routine account and billing question that can be handled by standard support scripts or automated responses regarding membership continuity.,"@305546 I understand your concern. However, the prime membership offered with Echo will be applicable only when the product  1/3^AP"
@AmazonHelp Getting errora https://t.co/qLxnCgRP0A,Other/General Inquiry,No,"The tweet is vague and lacks specific details about the error or context, making it a general inquiry that does not indicate severe anger, complexity, or safety risk.",@213506 I'm sorry for the trouble with this Music Unlimited promotional code! Are you currently located in the US or Canada? ^ST
@AmazonHelp Is this a unit price or the order value. At the time of Medical emergency do u think it is good to charge these charges? U should sometimes leave profit as moto,Account/Billing Issue,No,"The customer is questioning a billing charge and expressing frustration, but the issue is not complex, does not involve safety risks, and does not indicate extreme anger requiring immediate human intervention. It can be handled by standard support workflows.","@623216 For more details on the shipping charges, request you to check here: https://t.co/VlwkizfxE7. 2/2 ^OS"
Accidentally shipped my amazon order to @71609 and they claim they don’t have it...but uh..? I messed up with shipping but somebody did something incorrect. Somewhere. USPS doesn’t mark things as delivered if they weren’t. https://t.co/HKGaCgM6Fe,Delivery/Shipping Issue,No,"This is a routine shipping discrepancy where the package was sent to the wrong address. While the customer is frustrated, the issue is not complex, does not involve safety risks, and can be handled by standard support procedures for misdelivered packages.",@299202 I'm sorry your order hasn't arrived. Please give these steps a try: https://t.co/Bxg19d9eiH ^RA
"@115821 @6954 @1404 @AmazonHelp @115850 A GENUINE COMPANY ONCE IS SURE THAT PRODUCT IS FAKE, WOULD HV ASKD ITS  SUPLIERS TO REPLACE IT IMMEDIATELY &amp; WOULD HV SUSPENDED HIM. HOWEVER  AMAZON INSTEAD HARASSES ITS CUSTOMERS THEREBY SUPPORTING ITS   FRAUD  SUPPLIERS AS IT IS INVOLVED IN IT",Product/Item Defect,Yes,"The customer is extremely angry (all caps, strong language) and making serious accusations of fraud and corporate complicity, which requires human intervention to de-escalate and investigate.","@270757 I get your concern. However, all the products sold on Amazon are 100% genuine. If you have any concerns with your order, please connect with our support team here: https://t.co/vlvfJr4nN9 and we'll assist. ^HS"
@AmazonHelp which correspondence e-mail  ?????? send me the link again,Account/Billing Issue,No,Routine request for account-related information (email correspondence link) with no signs of severe anger or complex security risk.,@227488 You can check the correspondence sent by our team here: https://t.co/ubzNHWZvL2 ^SG
@117086 Café. Sempre. 💗,Other/General Inquiry,No,"The tweet is a casual, positive social media interaction unrelated to any specific service issue, defect, or account problem.",@361965 Olá Giovana! Com certeza é a melhor escolha! 📚+☕️=❤️ ^HC
"@115850 Courier Amazon Transportation Services
Tracking # 210166419480 haven't received the product. U spoiled my festival worst service",Delivery/Shipping Issue,No,Routine missing package inquiry with a tracking number provided; standard procedure applies.,"@206736 Please don't provide your order details, as we consider it to be personal info. Our Twitter page is visible to the public."
"@AmazonHelp The carrier is canada post. People I talked to on the phone did not seem to have the same info I did. I got TWO emails today saying there was trouble delivering my package, even though I have even given an alternative address for delivery.",Delivery/Shipping Issue,No,This is a routine delivery tracking and address discrepancy issue that can be handled by standard support workflows without requiring immediate human escalation.,"@819086 Have you reached out to Canada Post regarding a reroute of your parcels? If they're in possession of the parcel, and it's already in transit, they'll be in the best position to assist. We can reach out to them on your behalf here: https://t.co/Q7Ftz6nj80 ^WT"
@AmazonHelp Confirmation email said Wednesday but the email saying it was dispatched says Thursday,Delivery/Shipping Issue,No,Routine inquiry regarding a discrepancy in shipping dates; no signs of anger or complex security issues.,@708433 Your best option is to keep an eye on the tracking information.  You can see it here:  https://t.co/Y5jpI9gRhE  And please let us know if it doesn't arrive today.  ^SP
@AmazonHelp dont need assistance when you dont have ethics @1145 what law &amp; policy if Goods are overprice than MRP  @118341,Other/General Inquiry,No,The tweet is a general complaint about pricing ethics and policy rather than a specific actionable issue like a failed delivery or account breach. It does not indicate severe anger requiring immediate human intervention or a complex technical problem.,"@695084 Please don't provide your order details, we consider it personal information. Our Twitter page is visible to public. ^VN (2/2)"
@AmazonHelp I want that item and had specifically asked for the item to be resent and now I am told I have to order the item again and the refund is being processed and will take 2-4 days. I don't even have a number to call and complain.,Returns/Refunds,No,"The customer is expressing frustration about a standard return/refund process and lack of phone support, but the issue is not complex, does not involve safety risks, and does not indicate extreme anger requiring immediate human intervention.","@723871 We apologize for this situation. If an order can't be fulfilled, we e-mail you with the reason. Unfortunately a canceled order can't be reinstated. We request you to place fresh order. To discuss your grievances, you can reach us here: https://t.co/R3EfhzgU8B. ^CB"
@AmazonHelp Où contacte t'on le sav ?,Returns/Refunds,No,"The customer is asking for contact information for the after-sales service (SAV), which is a routine inquiry typically handled by standard support channels or automated responses.","@434259 Vous pouvez contacter notre SAV en cliquant sur le lien suivant : https://t.co/qzuu0dgDXz
^MD"
@115821 Please update customer care data I m nt able place customer call service bcz if ur nt able find my order😡😡 https://t.co/UvzJ0Vjd18,Account/Billing Issue,No,"The customer is frustrated about being unable to reach support due to order lookup issues, but this is a routine service accessibility problem that can be handled by standard support channels without immediate human escalation.",@607655 I'm sorry to know your phone number has been blocked. Kindly drop an email to our support 1/2 ^SH
Ima start buying three packs of water instead of two. Be RUNNING through it. I wish i could buy a pack of aquafina in the 1 liter bottles. @115821 do you have this?,Other/General Inquiry,No,"This is a general product availability inquiry and casual comment, not a complaint or complex issue.","@813118 Keep hydrating Jessica! I did not find the an liter bottles, but we do have Aquafina in the 20oz bottles it looks like! https://t.co/kBJjfIY7E8 ^DJ"
@AmazonHelp I received a notification on one of my orders stating that it was in my town's distribution centre and now it is gone and the delivery date has changed from today to either the 6th of December or the 7th. What is going on? https://t.co/k7nkycXjOj,Delivery/Shipping Issue,No,"This is a routine inquiry regarding a change in delivery status and date, which can be handled by standard support processes or automated tracking updates.","@228694 Hi, from the screenshot provided it isn't showing as dispatched yet. Can you let us know if you received confirmation of dispatch via e-mail? ^KI"
以前amazonプライム会員無料の時にお試しで入ったやつがずっと継続で引き落としされてた,Account/Billing Issue,No,"This is a routine billing dispute regarding an unintended subscription renewal, which can be handled by standard refund and account management procedures.",@472566 (1/2)意図しないご登録となり申し訳ありません。プライム無料体験にご登録後に自動更新をオフに設定されていない場合、体験期間終了後に有料会員へと移行となります。 YM
"@AmazonHelp si, ya he abierto una reclamación por telefono",Returns/Refunds,No,"The customer is simply confirming that they have already initiated a claim by phone. This is a status update rather than a new complex issue, angry outburst, or safety risk, so it does not require immediate human escalation.","@752585 Excelente, mantennos al tanto. ^MB"
"@AmazonHelp Me puedes explicar qué significa el reemplazo,  por favor.  No quiero el reembolso. Por otro lado, ¿cuando me va a llegar? Gracias",Returns/Refunds,No,"The customer is asking for clarification on a replacement process and a delivery estimate, which is a routine inquiry without signs of anger or complex issues.",@416965 Reemplazo es un nuevo producto. Si seleccionas esta se procesa un nuevo pedido y se te da una nueva fecha para el mismo. ^JD
Didn't expect so poor response from @115850 1st they delivered faulty #iPhone6S nd now not responding my complaint. #fraudcompany @131027 https://t.co/LFa59a5n0n,Product/Item Defect,Yes,"Customer is expressing high anger, using strong negative language ('fraudcompany'), and reporting a lack of response to a previous complaint regarding a defective product.",@374354 I'm sorry for that. I'd like to help you. Please fill this form: https://t.co/beaaDm0muc and I’ll contact you soon. ^BV
Insupportable d’attendre un colis @8200 pendant 25 jours quand tu es abonné @120533 #durdur,Delivery/Shipping Issue,No,"The tweet expresses frustration about a delayed delivery (25 days) but does not indicate a severe safety risk, complex technical issue, or extreme anger requiring immediate human intervention. It is a routine shipping delay complaint.","@147819 Bonjour,
S'agit-il d'une commande effectuée sur Amazon.fr s'il vous plaît?

Sana ^^"
"Sempre ouvi falar bem da @117086 mas depois dessa, mano... Eu não quero me envolver mais com ela",Other/General Inquiry,Yes,Error parsing: Connection error.,@221318 Olá Andrëw L ♠. Podemos te ajudar em alguma coisa? ^JJ
@AmazonHelp It does say the expected delivery is now 11/24-11/28. Frustrating considering that wasn’t updated until after the original delivery date had passed,Other/General Inquiry,Yes,Error parsing: Connection error.,"@507610 I know how inconvenient it can be not to have the items you're counting on, and I'm sorry for the unexpected wait. Please keep us posted, and let us know if it doesn't arrive on Tuesday. ^JN"
"@52379 Hi, I ordered a gold hanging file organizer months ago on @115821 and there is no shipping date forthcoming. Are you going to make more of them so my office can shine?",Other/General Inquiry,Yes,Error parsing: Connection error.,"@410570 Hi Amanda, you'll be updated on the status of your order as soon as information is available. Sorry for your wait and hopefully it won't be long before your office can sparkle and shine! Let us know if you need any further assistance. ^AP"
@AmazonHelp スマホからの登録は可能ですか？,Other/General Inquiry,Yes,Error parsing: Connection error.,@134044 はい、スマートフォンからでもご登録いただけます。　SM
@AmazonHelp  https://t.co/aL4g20CsRI,Other/General Inquiry,Yes,Error parsing: Connection error.,@269144 Our website is currently up and running. There have been no other reports of outage. Could you try deleting the cookies and clearing the cache of your browser and trying to access the site again?^PJ
@AmazonHelp my order keeps saying my order payment is a problem then I fix it then it pops up again I even did one day shipping on Sunday and it still hasn’t shipped!,Other/General Inquiry,Yes,Error parsing: Connection error.,@710007 I'm sorry for the trouble with your order. A charge can fail for many reasons. Reaching out to your issuing bank to ask about their restrictions regarding electronic or Internet purchases may be best. ^KP
@AmazonHelp Plz update,Other/General Inquiry,Yes,Error parsing: Connection error.,@481022 Apologies for the delay. Could you confirm if you've shared the details using the link provided in the previous post? ^SK
@AmazonHelp No,Other/General Inquiry,Yes,Error parsing: Connection error.,@522626 What has occurred? ^MC
@AmazonHelp What is the use of having Prime access when the promise delivery date is extended by 2 days.,Other/General Inquiry,Yes,Error parsing: Connection error.,"@195058 I get the disappointment with the recent experience. As requested earlier, please respond to the latest correspondence. ^MA"
@AmazonHelp I need to know about Kindle KDP.,Other/General Inquiry,Yes,Error parsing: Connection error.,@637503 That's great. You can find all the relevant info here: https://t.co/SPau0uvb6P kindly take a look. ^MS
@AmazonHelp I have a subscription free trial. I want to cancel it before billed but it won’t show up in my subscriptions. How do I cancel it,Other/General Inquiry,Yes,Error parsing: Connection error.,"@380640 Hi there, are you referring to an Amazon Channel Subscription or the Prime Membership? ^DW"
Didn't expect such goofups and loose attitude after sale from a giant like #Amazon @AmazonHelp @115850 @115821,Other/General Inquiry,Yes,Error parsing: Connection error.,@706762 Looks like you had a bad experience with us. Please tell us what went wrong. ^BS
@AmazonHelp tal vez no entendieron mi inglés??? Se como sea la orden tardo 2 días y el reembolso que se me prometio nunca llego tampoco. 48hrs?? Ya van 72hrs y nada no mientan a los clientes,Other/General Inquiry,Yes,Error parsing: Connection error.,@243933 Lamentamos lo sucedido Carlos. ¿Has entrado en contacto con nuestro Soporte al Cliente para tener más información al respecto? ^AZ
@120533 vraiment vous abusez plus d’une semaine pour livrer des écouteurs ptn jvais faire comment lundi,Other/General Inquiry,Yes,Error parsing: Connection error.,"@480788 Bonjour, je suis navrée pour cet incident, quelle est la date de livraison indiquée dans le mail de confirmation ? ^ASZ"
@amazonhelp C'était pour aujourd'hui ou hier à la base (quand j'ai commandé),Other/General Inquiry,Yes,Error parsing: Connection error.,@320305 Je suis désolée pour ce retard. Je vous prie de le signaler à notre SAV via :  https://t.co/hgIrz98cdI ^FA
@AmazonHelp não posso devolver pois não comprei as pilhas pelo site e sim o produto com uma descrição errada que me prejudicou.,Other/General Inquiry,Yes,Error parsing: Connection error.,"@273039 Bianca, poderia confirmar para nos, se o seu pedido foi vendido pela Amazon ou um vendedor externo no nosso site? ^HC"
"@AmazonHelp Bonjour ! Non pas encore je pensais me renseigner auprès de mes voisins d'abord, comme j'y suis depuis peu je ne connais pas ts le monde 😅",Other/General Inquiry,Yes,Error parsing: Connection error.,"@463477 1/2 Je comprends que cela puisse vous importuner, mais effectivement je vous prie de vous renseigner auprès de vos voisins."
@706429 @116316 @AmazonHelp @116316  Could you please clear this ?,Other/General Inquiry,Yes,Error parsing: Connection error.,@706428 Please contact us via: https://t.co/dDmBEPionb My colleagues can explain you our warranty and the specific terms.
@AmazonHelp Phone number? Mobile? Land line? Country code? Double zero or +1? This is getting closer to helpful.,Other/General Inquiry,Yes,Error parsing: Connection error.,"@147602 Take a look at the ""manage contacts"" here https;//www.amazon.co.uk/gp/help/customer/display.html?nodeld=202153370
^DJ"
"@AmazonHelp The item was fine, luckily I just missed the delivery. No just our address, we have 2 big bushes right below the light.... surely they would be more of a better space?",Other/General Inquiry,Yes,Error parsing: Connection error.,"@662453 Hey Nicole, if you can think of the ideal spot for an unattended parcels, you can leave instructions! Please see https://t.co/qoQUmCbJHi for more information. Let us know if we can help! ^PF"
@AmazonHelp I don't need that lame excuse again so if possible give out the delivery boy contact no. Or else i need to wait like a fool here cancel all the plans and shut,Other/General Inquiry,Yes,Error parsing: Connection error.,@239066 Twitter being a Social Media Platform we would not be able to check your order/account details. We have received your details and we will get in touch with you soon. ^AH
"架空請求きたよww

しかとショートメールでAmazon相談係。 https://t.co/Frn8ZegIuB",Other/General Inquiry,Yes,Error parsing: Connection error.,"@823853 ご承知のとおり、残念ながら悪質な詐欺が増加しているようですのでお気を付けください。
https://t.co/st4oU5QbhP を装った詐欺と思われる連絡を受け取った際はこちらをご覧ください。→ https://t.co/hY0XTcbk1X SK"
"Hey, @AmazonHelp little help here? https://t.co/Rvl6i5Q4oh",Other/General Inquiry,No,"The tweet is a general request for help without specific details indicating anger, complexity, or safety risks. It likely requires initial triage to determine the specific issue.","@797111 I'm so sorry for the delay, Mike! We strive to meet our original delivery date, but in rare circumstances we experience delays. We're sorry for any inconvenience this may cause! If you do not receive your package by Nov 29th at 8PM, please let us know! ^AR"
"Gotta say, @115821 I’m a bit disappointed that a two day shipping preorder is gonna take six days.",Delivery/Shipping Issue,No,The customer is expressing disappointment about a shipping delay but the tone is mild and not aggressive. This is a routine inquiry regarding delivery timelines that can be handled by standard support processes.,@736897 Can I ask what was the original estimated delivery date given to you on the confirmation email when you placed this order? ^GA
@AmazonHelp Yes I have,Other/General Inquiry,No,"The tweet is a fragmentary response with no specific issue, anger, or complexity indicated.",@419803 Has the Seller gotten back in touch with you regarding this delivery? If so what was advised? ^NV
@AmazonHelp My estimated delivery is b4 12th of this month,Delivery/Shipping Issue,No,Routine inquiry regarding delivery estimate without signs of anger or complex issues.,"@161882 If the product is out for delivery, it shall be delivered by the end of the day. Kindly wait. ^HK"
@AmazonHelp Just received my package before leaving. Thanks! :),Delivery/Shipping Issue,No,Positive feedback regarding successful delivery; no issue to resolve.,@367685 Excellent! Thank you for letting us know. We're here to help if anything else comes up. ^RA
"@116875 oye, el código promocional del buen fin no jala 😞😞😞",Account/Billing Issue,No,"The customer is reporting a failed promotional code, which is a routine billing/payment issue. The tone is disappointed but not angry, and the issue is not complex or safety-related.",@735938 ¡Hola Carlos! ¿Nos podrías por favor indicar cual es el código promocional que estás intentando utilizar? Además ¿Te has asegurado de que sean todos artículos vendidos y distribuidos por Amazon México los que deseas comprar? ^AD
"@120533 s'il vous plaît, j'ai reçu aucun avis de passage ou quoi que ce soit.",Delivery/Shipping Issue,No,Routine inquiry regarding missing delivery notification; no signs of extreme anger or complex security issues.,"@407898 Bonsoir, je suis désolée pour cela. Quel est le transporteur qui prend en charge votre livraison je vous prie? ^BR"
@115850 where is my order..?? Ur customer service is worst... I am fighting for my right since 10 days but not a single call from your end,Delivery/Shipping Issue,Yes,"Customer is highly frustrated, has been waiting 10 days without resolution or contact, and explicitly complains about lack of support, indicating a complex or stalled case requiring human intervention.","@215213 I understand your concern, Mangirish. We've emailed a correspondence to you. (1/2)^SF"
"@AmazonHelp I’m assuming someone thinks my email is theirs. 
Don’t remember if I have two factor auth. enabled, but wouldn’t that be why I’m getting all the text messages?",Account/Billing Issue,Yes,"The customer is experiencing unauthorized access attempts or account compromise (receiving verification texts for an email they do not own), which poses a security risk and requires immediate human intervention to secure the account.","@787659 Yes, text messages from Amazon are usually verification codes and shipping/tracking information. Please contact us here so we can discuss what steps to take so we can get this resolved for you.  https://t.co/hApLpMlfHN Thanks! -VR"
@AmazonHelp Mes commande ont été expédié hier et devaient arriver aujourd'hui... Jour de sorti de l'album. Si j'avais su je serai allée en magasin...,Delivery/Shipping Issue,No,"The customer is expressing disappointment about a delivery delay but is not angry, threatening, or reporting a complex technical issue. It is a routine shipping status inquiry/complaint.",@647637 J'en suis navrée. Quelle est la nouvelle date de livraison communiquée ? ^SM
@AmazonHelp That link requests account details or set up an account. She doesn't have one or want one.,Account/Billing Issue,No,"The customer is reporting a usability issue where a link forces account creation, which is a common support query that can be handled by standard support scripts or automated responses without requiring immediate human escalation.",@230455 I certainly understand! This link may help a little more: https://t.co/jzvkhdlrK5. Please let us know if we can be of any further assistance. ^HC
@AmazonHelp Not going to reach out to your team everytime. Understand the issue and try to solve it,Other/General Inquiry,No,"The tweet is a general complaint about customer service responsiveness without specific details of a complex issue, severe safety risk, or extreme anger requiring immediate human intervention.","@488007 We are working on it, Aseem.  Please allow us some time, we will reach out to you at the earliest with an update. ^AH"
@120533 prévoyez vous de proposer sur votre boutique Snipperclips Plus non version boîte? Proposé par Amazon DE ES IT...,Other/General Inquiry,No,"The customer is asking a general question about product availability (physical box version of a game) and comparing it to other regional stores. This is a routine inquiry that does not indicate anger, complexity, or safety risks.","@424333 Bonsoir, pourriez-vous m'expliquer davantage s'il vous plaît?^FT"
@AmazonHelp Pas de problème !,Other/General Inquiry,No,"The tweet is a positive statement indicating no problem exists, requiring no action or escalation.",@364937 👍
@AmazonHelp そういう事もあるんですね、ご丁寧にありがとうございました！,Other/General Inquiry,No,The customer is expressing gratitude and acknowledging a previous response; there is no active issue or complaint to resolve.,@349835 とんでもない事です。その他ご不明な点がありましたら、いつでもご遠慮なくお問い合わせください。 EK
@AmazonHelp getting aggravated trying to deal with amazonuk chat support about double payments for items coming out of my bank account and telling me my payments are been rejected. Thanks for leaving a really sour taste in my mouth,Account/Billing Issue,Yes,"Customer reports double payments (financial discrepancy) and expresses significant frustration ('aggravated', 'sour taste'), indicating a complex billing issue requiring human intervention.","@790703 Oh no! I'm so sorry to hear about your troubles, Alan. Did chat support offer you any insight as to why this is happening? ^VF"
@115830 trying to contact your @AmazonHelp as i need assistance regarding account security. No response as of yet..,Account/Billing Issue,Yes,Involves account security risk and lack of response from support channels.,"@171901 Sorry to hear about this. We would like to help. W/o posting personal info, are you able to elaborate on the issue? ^PK"
"@AmazonHelp Attempting to purchase episodes for Amazon Video and pretty much all of them (especially the season I want, which is Season 2) State I cannot purchase from this device. https://t.co/I08NWmSkD4",Digital Services (Video/Kindle),No,"This is a technical issue with a digital service (Amazon Video) preventing purchase on a specific device. It is not a severe safety risk or an expression of extreme anger, and can typically be resolved through standard troubleshooting or automated support flows.",@279399 Which device are you using to purchase the episodes? ^QJ
"@AmazonHelp That really doesn’t help, it directs me to a page that says it was delivered at 11.27pm last night, which it wasn’t!",Delivery/Shipping Issue,No,"This is a routine dispute regarding a false delivery scan, which is a standard support workflow and does not indicate extreme anger or a complex security risk.","@238519 I am so sorry, Andy! Please reach out to us here: https://t.co/JzP7hlA23B so we can look into this together. ^SC"
It'd be nice if @115821 didnt keep changing the delivery dates of my items after I order them.,Delivery/Shipping Issue,No,"This is a general complaint about delivery date changes, not a specific urgent incident or severe safety risk.","@221869 I'm so sorry to hear about your delivery delays. To confirm, these items are arriving after the date given in the order confirmation e-mail? Is there a specific shipping carrier that this is happening with? ^MJ"
きいて、きいて、わたしは去年の12月12日からAmazonプライム会員だったらしいという衝撃の事実。申し込んだ覚えなんにもねえ。。。←,Account/Billing Issue,Yes,"The customer claims an unauthorized subscription to Amazon Prime, which indicates a potential security breach or unauthorized billing activity requiring human investigation.",@716688 ご注文時に無料のお急ぎ便をご利用いただきませんでしたでしょうか。プライム無料体験を利用いただきました場合、サイトの記載ならびにEメールにてご案内のとおり、自動更新設定をオフにしない限り30日の期間終了後に本会員へ移行します。MH https://t.co/pvMjYopvl5
@AmazonHelp Today.  I was home.  Couldn't deliver???  Can't cancel order??? You guys are pathetic.  @AmazonHelp,Delivery/Shipping Issue,No,"The customer is expressing frustration about a failed delivery and inability to cancel, but the issue is a routine operational problem that can be handled by standard support workflows without requiring immediate human escalation for safety or complexity.","@325603 Apologies Ethan, do you know who the carrier is? ^BD"
@AmazonHelp So after researching I have found this to be 100% due to the AMZL flex shipping service. How do I opt out of this carrier?,Delivery/Shipping Issue,No,"This is a routine request to change shipping preferences (opting out of a specific carrier), which can be handled by standard support procedures or self-service tools.",@816246 We currently don't have way to opt out of a specific shipper for your Amazon orders. You can learn more about our shipping carriers here: https://t.co/zo1absCEeY ^LR
Amazon order didn’t get delivered yet and the mail carrier didn’t take my package even though I scheduled a pick-up. 🤨,Delivery/Shipping Issue,No,Routine delivery tracking and carrier coordination issue; no signs of extreme anger or safety risk.,"@807441 I'm sorry for the wait! We may deliver as late as 8PM. Please keep us updated, as we want to ensure you get your order! ^WT"
@117086 quantos emails mais vou precisar enviar para vocês me responderem sobre meu pagamento de associados?,Account/Billing Issue,No,"The customer is expressing frustration about a lack of response regarding a payment, but the issue is a routine billing inquiry that does not indicate severe anger, complexity, or safety risk requiring immediate human escalation.","@158442 Olá DaYukie, você poderia nos explicar com mais detalhes o que aconteceu sem publicar detalhes da sua conta? ^DA"
@115821 this has been the order from Hell &amp; you outsource your customer service to people who have not been properly trained. https://t.co/VrfPRXF8gj,Delivery/Shipping Issue,Yes,"Customer expresses extreme frustration ('order from Hell') and explicitly criticizes the quality of customer service, indicating a high-risk situation that requires human intervention to de-escalate.","@386599 That doesn't sound good, what happened? ^AS"
"@AmazonHelp @127187 @115851
Order# 405-2964732-9352306
Replacement Not Provided for the Stone Delivery instead of Mobile, Sufferring Loss of 7,500 for Fresh Order. Return Initiated without any Resolution or Compensation. Diwali Gift Ruined by Amazon https://t.co/64EJFlkmL1",Returns/Refunds,Yes,"Customer reports a significant financial loss (7,500) due to a failed replacement and unresolved return, indicating a complex issue requiring human intervention.",@344751 I'm terribly sorry for this situation. We have sent you an email correspondence. ^MP (1/2)
@AmazonHelp I really don’t care if you guys don’t know how to keep up to your commitments don’t expect customers to be nice with you,Other/General Inquiry,No,The tweet expresses general frustration and dissatisfaction but does not specify a concrete issue (like a missing package or billing error) that requires immediate human intervention or contains severe safety/security risks.,@557239 Please reach out to us from the link shared above by 'AH' and we will assist you accordingly. ^HR
Amazonの商品の返品ってどーやんの,Returns/Refunds,No,"This is a general inquiry about the return process, which is a routine question that can be handled by standard automated responses or FAQ links.",@732852 Amazonです。返品方法につきましてはこちらのヘルプページをご参照ください→https://t.co/gz4ze648Kh SK
@AmazonHelp @117086 vc é uma fanfarrona! Fui dar uma moral pra vcs assinando o #PrimeVideo e me surpreendi com legendas em inglês 😭 what?!,Digital Services (Video/Kindle),No,"The customer is expressing frustration about missing subtitles in a digital service, which is a common technical issue that can be resolved via standard support channels without immediate human escalation.",@448077 Olá. Você pode configurar o Prime Video para português na página Conta e configurações no site https://t.co/FYM9PIZOR8.^JJ(1/2)
@AmazonHelp Before 2 days I was shared my detail but nothing happens what would I do,Account/Billing Issue,No,"The customer is inquiring about the status of a previously submitted request (likely account verification or data update). This is a routine status check that can be handled by standard support workflows or automated status updates, without indicating extreme anger or a complex security risk.","@363468 If you've shared the details, we'll get in touch with you soon. I'd request you to wait. ^JC"
@AmazonHelp Heights! was told morning by ur support team order wud be deliverd in 2hrs but still not done mob num of delivry agent off since yesterday!,Delivery/Shipping Issue,No,This is a routine delivery delay and contact issue that can be handled by standard support protocols without requiring immediate human escalation.,"@638002 I understand that this has not been a pleasant experience, Sanjeev. Please fill in your details via the link provided earlier and we will have this checked. ^KS"
@AmazonHelp It's the wrong description on the episode. That's next week's.,Digital Services (Video/Kindle),No,"This is a routine content metadata error report for a digital service, which can be handled by standard support workflows without requiring immediate human escalation.",@793623 Thanks for letting us know! Please reach out to us here: https://t.co/JzP7hlA23B and we'll investigate further. ^JO
@115821 @AmazonHelp Why can't I no longer access my account? It says email doesn't exist even though it was working perfectly fine this A.M.,Account/Billing Issue,No,"This is a standard account access issue that can be resolved through automated account recovery flows or standard support scripts, without requiring immediate human escalation.",@135209 Thanks for contacting us today. Please reach out to us here so we can look into this: https://t.co/J3m8uMkFZ3 ^GG
Yo @115821 thank u for ur timely service but it wasn’t wrapped or in a box my book corners are damaged and this is a keepsake for me https://t.co/nrGd81yMrB,Product/Item Defect,No,"The customer is expressing gratitude for the service speed and reporting a minor cosmetic issue (damaged corners) due to lack of packaging. The tone is polite and not angry, and the issue is a standard product condition complaint that can be handled via standard support channels without immediate human escalation.",@498081 Sorry to see that. Please contact us for available options by phone or chat and describe the damage: https://t.co/hApLpMlfHN ^MG
"C'est une blague @120533 ? Mon colis livré ce vendredi à été livré à un voisin, qui a signé le bon de réception à ma place. J'étais là toute la journée et PERSONNE N'A SONNÉ CHEZ MOI. Vos livreurs savent lire un numéro et un nom de famille ?",Delivery/Shipping Issue,No,"This is a standard delivery error (wrong address/neighbor) which is a routine operational issue, not a severe safety or complex security risk.","@248660 Bonsoir, je suis désolé d'apprendre cela. Quel est le transporteur qui s'est occupé de la livraison de votre colis ? ^ME"
"@AmazonHelp ça marche, je vous tiens au courant ! Merci ;)",Other/General Inquiry,No,"The customer is confirming that a previous solution worked and expressing gratitude. There is no active issue, anger, or complexity requiring human intervention.",@460284 Je vous remercie :) ^MA
@115821 kinda super sad that @115817 broke my #reputation cd case that I ran to the door to get on Friday... don't do @118062 like that.,Delivery/Shipping Issue,No,"The tweet expresses disappointment about a damaged item upon delivery but does not indicate extreme anger, a complex technical issue, or a safety risk. It is a standard complaint regarding shipping damage.","@669453 I'm so sorry your CD case was damaged! Please, call us to leave feedback and we can go over your available options: https://t.co/hApLpMlfHN ^EB"
だれかAmazonの支払い方法についておしえて,Account/Billing Issue,No,"This is a general inquiry about payment methods, which is a routine question that can be handled by standard support resources or auto-response.","@414817 アマゾンです。当サイトでは様々なお支払方法をご用意しております。https://t.co/bvkGz7GlUG
どのお支払方法についてのご案内が必要でございますか。ET"
@AmazonHelp Oh plz.stop irritatingdid each n evrthng Need my coins ASAPDID U GET THATEVN U ALL BLOCKED MY NMNR FRM CAL Bck also NT AbleTO CAL CSTMR SRVC,Account/Billing Issue,Yes,"Customer is expressing high frustration and anger, and reports that their phone number has been blocked from receiving callbacks, indicating a potential account access or communication failure that requires human intervention.","@724381 I get your concern. For live support, you may chat with our support team or email them with your concern. ^HA"
Cuando @116875 te confirma que está preparando tu pedido y que llega mañana! #Hype #XboxOneX #ProjectScorpio @AmazonHelp https://t.co/Y7kA9iZOXB,Other/General Inquiry,No,"The tweet is a positive expression of excitement about an upcoming delivery, not a complaint or issue requiring intervention.",@511298 ¡La emoción! 😱😱😱 Tienes que contarnos qué te parece tan pronto lo recibas. 😄🎮💕 ^KS https://t.co/slT0YwMC6R
@AmazonHelp TILL NOW NO REPLY FROM YOUR SIDE AND NO INFORMATION REGARDING THE ISSUE. I ALREADY ESCALATED TWO DAYS BACK BUT YOU PEOPLE DON'T HAVE  ANSWER,Other/General Inquiry,Yes,"Customer is expressing high frustration due to lack of response to a previous escalation, indicating a complex or stalled support case that requires immediate human intervention.",@366265 We’d like to take a closer look into this. Please fill this form: https://t.co/beaaDm0muc and (1/2)^AU
"@117093 Excited i'll never have to leave the house again, but what's the deal with charging me for delivery when my order is over £60? https://t.co/iQJoPQxlyp",Account/Billing Issue,No,"The customer is questioning a delivery fee despite meeting the free shipping threshold. This is a routine billing/pricing inquiry that can be handled by standard support scripts or automated checks, and the tone is sarcastic rather than angry.",@525280 We'd like to take a closer look into this for you. Please reach out to us by phone here: https://t.co/JzP7hlA23B ^VS
"14th - Bought #diwaligift
16th - delivery promised
19th - no comms
You spoiled it @115850 #AmazonGreatIndianFestival shabby logistics.",Delivery/Shipping Issue,No,"The tweet expresses frustration about a late delivery and lack of communication, but it is a routine logistics complaint without signs of severe anger, complex technical issues, or safety risks.","@647791 If not, please get in touch with our support team here: https://t.co/rS49hgaADF so that we can assist you accordingly. (2/2) ^RI"
"Hey, @116316 ! Wäre es möglich zu erfahren, wann ihr das am 30. September bestellte #SNES Mini liefern werdet?! Liefertermin war gestern!",Delivery/Shipping Issue,No,Routine inquiry about a delayed shipment; no signs of extreme anger or complex issues.,"@416529 Hi, hast du dich diesbezüglich schon bei uns im Kundenservice gemeldet? Hier über Twitter haben wir keinen Einblick. Gruß ^TA"
"Hey @116935 - I am a #Canadian #Prime member - how to I find your the Christmas Soul playlist? ""https://t.co/B0LV4T5VSd",Digital Services (Video/Kindle),No,"This is a general inquiry about locating a specific playlist within a digital service, which is a routine support question.","@814535 Hi there, you may visit prime music here: https://t.co/62Q7Fb2kYx or in the app and search ""Christmas Soul Playlist"" and you should be able to find it. Let us know if you need anything further! ^VF"
@AmazonHelp I have filled two times..,Other/General Inquiry,No,"The tweet is vague and lacks specific details about the issue, indicating a general inquiry or incomplete complaint rather than a severe or complex problem requiring immediate human escalation.",@129970 We've emailed a correspondence to you. Kindly check it here: https://t.co/sC1mf2vwg9 and reply to it for further assistance.^SF
"amazonさん、頼んでません。
#迷惑メール https://t.co/UqkRdgsmGL",Account/Billing Issue,No,"The customer is reporting an unauthorized order or spam, which is a routine account security/billing inquiry that can be handled by standard verification procedures without immediate human escalation.","@669639 (*´-`).｡oO(ご存知かと思いますが、当サイトからのご連絡ではございませんので、アクセスされませんように。。)
また、携帯大手3社をご利用の場合には、迷惑メール対策として、申告窓口を設置しています。今後受信しないためにも、各窓口へご申告ください。TY"
@120533 Bonjour @115821 Avez vous des nouvelles sur ça disponibilites des pc avec intel nouvelle generation? Vous avez rien en stock...😢😢 merci,Other/General Inquiry,No,"The customer is inquiring about product availability and stock status, which is a routine general inquiry and does not indicate anger, complexity, or safety risks.","@803586 Bonjour, cherchez-vous un produit précis s'il vous plaît? ^BR"
@115821 im trying to buy something off of my phone and have well enough to buy it but when i try using my gift card balance it wont let me please help me,Account/Billing Issue,No,"This is a routine technical issue regarding payment method application, which can typically be resolved via standard troubleshooting or automated support flows.","@535477 I'm sorry for the trouble with this! Are you receiving a certain error message when trying to place your order, Rose? Is the item shipped by Amazon or a third-party seller? ^AB"
@137341 Your device is way too unreliable for joy. My kindle crosses a year under warranty &amp; goes caput. You can't do anything about it. Joy! Where?,Product/Item Defect,No,"The customer is expressing frustration about a device failure, but the issue is a standard product defect/warranty inquiry that can be handled by standard support procedures without immediate human escalation.",@363740 Apologies for the trouble. Kindly connect with us here:https://t.co/vlvfJr4nN9 and we'll look into it. ^PB
"Salut @120533 @AmazonHelp toujours des pbms de livraison, vous ne savez pas lire les noms écrits sur les boites aux lettres, DM envoyé...",Delivery/Shipping Issue,No,"The tweet describes a recurring delivery problem (misdelivery due to unreadable names) but is a general complaint without extreme anger or complex security risks, suitable for standard support handling.","@651722 Bonjour, je suis sincèrement désolée pour le désagrément causé par cet incident. Avez-vous signalé cela à notre SAV? ^SB"
アマゾンでsimポチッたのに、カードから引かれてない、、??なぜ??,Account/Billing Issue,No,"This is a routine inquiry regarding a pending or failed transaction status, which can be handled by standard support scripts or automated checks without requiring immediate human escalation.",@213788 リプライ失礼いたします、Amazonです。クレジットカードへの請求は、ご注文された商品が出荷された時点で発生いたします。 YM
"@115821.  Rejected textbook because of a damaged binding and it's a loose leaf book with no binding, then ship it back damaged.  I'm done.",Returns/Refunds,Yes,"Customer is expressing strong frustration ('I'm done') and alleging that the item was returned in a damaged condition, which is a complex dispute requiring human investigation.",@823073 I'm sorry for the troubles w/your textbook! Please contact us by Phone/Chat: https://t.co/hApLpMlfHN &amp; we'll be glad to help!^FR
@128308 @12379 How much does it cost?,Other/General Inquiry,No,"The tweet is a vague general question without specific context, anger, or complex issues requiring human intervention.","@277314 If you mean the price of FireStick, please refer here:https://t.co/k127uHWllD. ^HA"
@AmazonHelp The link does nothing. Useless.,Other/General Inquiry,No,"The tweet is a brief, vague complaint about a non-functional link without specific details or extreme anger, making it suitable for initial automated triage or a standard support response.",@193005 I'm sorry to learn that. You can click on the link and select An order I placed&gt; Where is my order&gt; Check status of my order and get in touch with our team via call/chat/ email and let us know how it goes. ^RI
"Screw you, @115821 @AmazonHelp  when someone pays expediting shopping for something, due in a holiday, you should deliver it THEN.",Delivery/Shipping Issue,No,"The tweet expresses frustration about a late delivery but is a general complaint without specific complex details or severe safety risks, suitable for standard handling.","@421910 This isn't the experience we want you to have! Just to confirm, did we miss the delivery date in the confirmation e-mail? ^LA"
@115850 ordered a couple of things from two different cards and now my account has been blocked. Helpline is pretty much useless. HELP!,Account/Billing Issue,Yes,"Customer reports account blocked due to billing complexity and expresses high frustration with support channels, requiring human intervention to resolve access.","@487773 I get your concern, Nikita. Please check your inbox for a correspondence from our specialist team. (1/2) ^SV"
"@AmazonHelp Please help to get my order , had placed it 10 days before but still not received - ORDER # 404-4662045-7321112.",Delivery/Shipping Issue,No,Routine tracking question for a delayed order; no signs of extreme anger or complex security issues.,"@811203 I understand your concern regarding the delivery of the package. However, our products are shipped on time so that they can reach you by the estimated delivery date. Could you please confirm if we have missed the mentioned time frame? 1/2 ^AH"
"@AmazonHelp You have sent an email that product was Delivered and in Application you have updated status that, it was handed directly to me and the delivery receipt was signed by me, which is completely false. This seems to be the signature forgery and fraud. @120781 @115850 https://t.co/LVYjdo0ky4",Delivery/Shipping Issue,Yes,"The customer is alleging signature forgery and fraud, which is a severe security and legal risk requiring immediate human investigation.","@787339 I get your concern and I'd like help you with this. Please share your details here : https://t.co/GIJyeYqKE0 and we'll reach out to you soon. Please don't provide your order details, we consider it personal information. Our Twitter page is visible to public. ^AS"
@AmazonHelp Pues probablemente #Spotlight porque aún no la he visto y tengo muchas ganas :),Digital Services (Video/Kindle),No,"The customer is expressing anticipation for a movie release on a digital platform, not reporting a technical issue, billing error, or expressing anger.",@174400 ¡He leído muy buenas críticas de ambas películas! ¿Cuál película dirías que es la mejor que has visto? ^DA
@AmazonHelp Please check Order# 406-3545186-4567558. I have already requested customer care manager 4 times and there is not even an acknowledgement.,Account/Billing Issue,Yes,"Customer has made multiple repeated requests (4 times) with no acknowledgement, indicating a potential service failure or complex account issue requiring human intervention.",@181810 Don’t provide your order details as we consider them to be personal information. Our Twitter page is visible to public.(2/2)^RS
@AmazonHelp I don’t know where it is,Delivery/Shipping Issue,No,Routine tracking inquiry without signs of extreme anger or complex security issues.,@516085 Thanks for getting back to us! We'd like to look into this with you here: https://t.co/hApLpMlfHN ^RA
"@AmazonHelp One of my Prime orders is taking 5+business days, a few others are more than 2 days for in-stock items. Many other people conquer on delays.",Delivery/Shipping Issue,No,This is a routine complaint about shipping delays without signs of extreme anger or complex security issues.,@419287 We'd like a chance to look into these experiences with you. Please reach out to us here: https://t.co/hApLpMlfHN ^WT
@AmazonHelp Ordered a 128gb version #OnePlus5t why does it take 5 days for shipment to arrive??It says delivery between 5 December to 7th December,Delivery/Shipping Issue,No,Routine inquiry about shipping timeline and delivery window; no signs of severe anger or complex issue.,"@230458 Estimated delivery dates are on the basis of stock availability, location of the fulfillment centre nearest to your location, courier availability and so on. Kindly wait till the estimated date mentioned. Appreciate your patience. ^PB"
@115821 echo team is my pre-order 30% off on top of the 30% reduced price for public on your app? https://t.co/MCFKJajTB6,Other/General Inquiry,No,"This is a routine question regarding pricing and discount stacking, which can be handled by standard support scripts or automated responses.",@319557 Our support team will be happy to look into this. You can connect with us here: https://t.co/R3EfhzgU8B. ^CB
"@AmazonHelp Then please rectify it, don't request the customers to remove the complaints.",Other/General Inquiry,No,"The tweet is a general complaint about customer service policy rather than a specific technical, billing, or safety issue. It does not indicate extreme anger or a complex problem requiring immediate human intervention.",@448413 Apologies. Request you to please fill in the details in the link mentioned earlier and we'll look into this. ^MK
@115850: You hv the audacity to post a fake update saying customer not reachable &amp; buy time after missing delivery date of a prime member?,Delivery/Shipping Issue,Yes,"Customer is expressing high anger and accusing the company of deceptive practices (posting fake updates), which requires human intervention to de-escalate and investigate.",@217605 I'm sorry about the trouble with the delivery. Have you reported this to our support team here: https://t.co/vlvfJr4nN9 ? ^MA
"Everything #PrimeEligible I've seen today, when @15838 isn't blocking me that is, has had a #3DayDelivery minimum... is that standard now this time of year @115830? I use Amazon because of the 'free' next day delivery, is this another https://t.co/enj6CU9at4?",Delivery/Shipping Issue,No,"The customer is inquiring about current shipping standards and delivery times, which is a routine question that can be handled by standard support or automated responses.","@168614 Hi, during this busy period, some deliveries may take a little longer than usual. Apologies if this has caused any inconvenience. Here is a link which will provide more info on the delays: https://t.co/JYfSiBgOZb. ^JC."
@AmazonHelp Ok,Other/General Inquiry,No,"The tweet contains no specific issue, complaint, or request; it is a non-substantive message.","@255259 When you share the details, Prashant, we'll review them and assist you accordingly. ^MS"
@AmazonHelp USPS they keep saying no place to leave it but I'm at home. I need a place to call to speak to someone who can really help.  I need my order,Delivery/Shipping Issue,No,"Routine delivery tracking and access issue; customer is frustrated but not expressing extreme anger or safety risks, and the request for help is standard for a failed delivery.","@164558 Hi, sorry to hear that, click here  https://t.co/hApLpMlfHN we can help ^AS"
feeling real sad even after buying a phone @115850 what promotion they do &amp; what they offer in no cost emi is only for 3 months,Other/General Inquiry,No,"The tweet expresses dissatisfaction with promotional terms (EMI duration) but does not indicate a complex technical issue, security risk, or extreme anger requiring immediate human intervention. It is a general inquiry/complaint about offer details.",@186832 Sorry for the hassle. I'll surely pass on your feedback to the concerned team internally. ^HN
@115850  why I m getting this error https://t.co/pwOjxM6PYE,Other/General Inquiry,No,"The tweet is a brief inquiry about an error without specific context, anger, or safety risks, making it suitable for initial automated triage or general support.",@432211 We'd like to get this checked. Please share your details here: https://t.co/chSq528LhI. And we'll sort this for you. ^KH
@AmazonHelp my order status is delivered but i did not receive my package. I checked my mailbox its not in there. What do i do,Delivery/Shipping Issue,No,This is a routine missing package inquiry that can be handled by standard support workflows or automated tracking checks.,@253648 I'm so sorry you haven't received your package. Have you followed the steps here: https://t.co/DGMn3aYSdi ?^DG
@AmazonHelp :) always happy to help,Other/General Inquiry,No,"The tweet is a positive, generic statement with no specific issue, complaint, or request for assistance.","@199843 Thanks again, Shakti. Appreciate your feedback. ^MP"
@AmazonHelp Filled in the details. Kindly resolve it at earliest,Other/General Inquiry,No,"The tweet is a generic follow-up request without specific details, anger, or safety risks, making it suitable for standard automated handling or queueing.","@158457 As you've shared your details, we'll work on it and get back to you. ^HN"
"@AmazonHelp Do you actually help? Was told at point of order Prime delivery was due Friday, now being told between 12-15th Nov. How is this acceptable? Please can you answer me soon?",Delivery/Shipping Issue,No,"This is a routine inquiry regarding a delivery delay and revised date, which can be handled by standard support workflows.",@521291 Oh no! Let's talk about this in real time. Please call or chat with us here: https://t.co/aJVOVFRSWp ^BA
"おや？またAmazonプライムでガルパン見れるようになってる。
劇場版やるからか。
また最初から見てみようかな。",Digital Services (Video/Kindle),No,"The tweet is a casual observation about content availability on Amazon Prime Video, not a complaint or a request for support.","@147573 |´-`)ﾁﾗｯ　いつもプライムをご利用いただきありがとうございます🙏✨ 
ガルパン、ごゆっくりお楽しみくださいませ(*´ー｀*) HM"
"@AmazonHelp hello,  these oders status means my payment has been accepted? https://t.co/y6Sn7osOgq",Account/Billing Issue,No,"This is a routine inquiry about order status and payment confirmation, which can be handled by standard automated support or simple FAQ responses.",@515458 I can definitely help! You are charged for the items when they are shipped. Hope this helps! ^AD
very disappointed in @AmazonHelp Waiting 6 days for a one day delivery item the only thing they say is do u want a refund or to order again,Delivery/Shipping Issue,No,"The customer is expressing disappointment about a late delivery, but the issue is a routine shipping delay with a standard resolution offered (refund or reorder), not a complex or safety-critical problem.",@357928 I'm sorry we've let you down! Can you tell us what the delivery date was on your confirmation e-mail: https://t.co/aaDyEz1VgE? ^HS
"Hey, @115821. Quit using 3rd party (blank van) delivery companies to deliver stuff to my house. They leave packages outside my gate... on a busy street in a big city. Come on. How many stolen packages to me do you guys wanna deal with?",Delivery/Shipping Issue,No,"This is a general complaint about delivery practices and package security, not a specific incident requiring immediate human intervention or a complex technical issue.",@411173 I'm sorry to hear about the delivery issues you've been experiencing! Can you let us know which carrier was responsible for delivering your packages? You can review that information under tracking info here: https://t.co/q4LAMZ3tbE ^JS
I ordered same day delivery for a package 5 days ago and still haven't recieved it @115821 Y'all r scammers,Delivery/Shipping Issue,Yes,"Customer is using abusive language ('scammers') indicating high anger, and the issue involves a significant delay (5 days) for a same-day delivery service, which is a complex service failure requiring human intervention.",@656714 I'm sorry to hear you haven't received your order as expected! We strive to ensure all shipments arrive by the date provided in your order confirmation. Has this date passed yet: https://t.co/q4LAMZ3tbE? ^BV
"Brilliant stuff from @AmazonHelp. I pay for Prime, item disappears, no contact at all until I chase today and find out I've been refunded!  Can't wait to tell my nephew he doesn't have a birthday gift",Returns/Refunds,No,"The customer is expressing frustration about a lack of communication regarding an automatic refund, but the issue is resolved (refunded) and does not involve safety, security, or complex technical problems requiring immediate human intervention.","@812386 Oh no! I'm sorry we have let you and your nephew down. This is never our intent! Just to clarify, have you spoken with us regarding the troubles with delivery? https://t.co/JzP7hlA23B. ^AL"
@AmazonHelp amazon.ca,Other/General Inquiry,No,"The tweet contains no specific issue, complaint, or request, only a mention of the support handle and domain. It is likely a test or accidental post.","@357766 Thank you for confirming, Emma. We're here to help! What does the current tracking status indicate here: https://t.co/PyACxvY8Qo? Please let us know! ^FD"
@AmazonHelp just received an email saying missed delivery....I’m at home and the doorbell hasn’t gone 🤔,Delivery/Shipping Issue,No,"Routine delivery discrepancy inquiry; customer is confused but not angry, and the issue can be resolved by checking tracking or contacting the carrier.","@177332 We're here to help, Jack! What does your tracking currently display? Check here: https://t.co/aaDyEz1VgE Let us know! ^JE"
@AmazonHelp こんにちは。ご丁寧にありがとうございます！プライム会員の特典ってこんなに色々あるんですね。検討させていただきます！,Other/General Inquiry,No,"The customer is expressing gratitude and stating they will consider Prime membership benefits; there is no issue, anger, or complex request requiring escalation.","@169659 ご検討いただき、ありがとうございます！
内容についてご不明点などあれば、いつでもお気軽にこちら公式アカウントまでお知らせください。 RI"
@115850  Delayed delivery and false info after next day delivery commitment both on email and phone .. Highly unresponsive customer care...,Delivery/Shipping Issue,No,"The tweet expresses frustration about a delayed delivery and poor communication, but it is a routine service complaint without indicators of severe safety risk, complex technical issues, or extreme anger requiring immediate human intervention.","@278933 Apologies for the experience, that wasn't intended. Please share your details here: https://t.co/GIJyeYqKE0 and we will get in touch with you. ^BS"
Couldn’t connect with @115850 customer care service,Other/General Inquiry,No,"The tweet is a general statement about difficulty connecting to customer care, lacking specific details, anger, or complex issues that require immediate human escalation.",@479067 Sorry about that. May I know what's the error you're getting ? ^MM
@118919  I'm not able to return my product even after calling to customer care 4 times.,Returns/Refunds,Yes,"Customer has already attempted to resolve the issue via phone four times without success, indicating a complex or stuck process that requires human intervention.",@465153 Sorry to know you're having trouble with the return of your product. We certainly did not expect this to happen. 1/2 ^PS
@AmazonHelp ordered hair dye. Clearly wasn’t stored right because the colour (this is the one I usually use) didn’t work at all. No return,Product/Item Defect,No,The customer is reporting a product quality issue (hair dye not working due to storage) and a return policy concern. This is a standard product defect/return inquiry that can be handled by standard support workflows without immediate human escalation.,@307935 I'm sorry for the trouble. Have you reported this to our support team here: https://t.co/vlvfJr4nN9 ? ^AU
@AmazonHelp Je sais pas j'ai pas encore pu l'essayer mais là il y a eu un problème sur la livraison : visiblement le livreur était pas intéressé par le contenu mais y a très clairement intention de vol.,Delivery/Shipping Issue,Yes,"The customer alleges theft by a delivery driver, which is a severe security and safety risk requiring immediate human investigation.","@773888 Si vous constatez un dysfonctionnement au niveau de votre article, n'hésitez pas à le signaler à notre service client afin qu'il prenne les mesures nécessaires, via: https://t.co/hgIrz98cdI ^FT"
@115821 One of them was already out for delivery and now delivery date is unknown. What the hell.,Delivery/Shipping Issue,No,"Routine delivery tracking issue with mild frustration, not a severe safety or complex account problem.",@226580 I'm sorry about the delays. Have you noticed if these are all being shipped by the same carrier? You can find that information here: https://t.co/Y5jpI9ys9c ^LI
@AmazonHelp Let me know how to take this forward as being a prime member I didn't expected this from Amazon.,Other/General Inquiry,No,"The tweet is a general expression of dissatisfaction and a request for guidance without specific details, anger, or safety risks, making it suitable for standard support handling.",@193238 I get your concern. Please check here: https://t.co/8DAc10S7ww for the response. [1/2] ^HA
Does Amazon customer service think it’s okay to lie to customers just to keep them happy? Really not impressed and i used to love Amazon. @AmazonHelp,Other/General Inquiry,No,"The tweet is a general expression of dissatisfaction and frustration without specific details about a complex issue, severe safety risk, or actionable incident that requires immediate human intervention.","@688588 Hi Louise, I am sorry if you had a bad experience with us. We'd like to help you, without posting any of your personal account details, can you tell us a bit more about what has happened? ^BZ"
@AmazonHelp Who is Kapil ??? Is this is the way @115850 @115821 Customer care reply . And this is how with closed eyes you put High price .,Other/General Inquiry,No,"The tweet is a general complaint about customer service quality and pricing, lacking specific details about a transaction or defect that would require immediate human intervention or indicate a severe safety/security risk.",@267823 I'm sorry about the error. I'll be sure to forward your feedback to our concerned team internally. ^AP
"@AmazonHelp Was just assured it would be delivered today. Tracking shows due for delivery today, but it said that every day this week.",Delivery/Shipping Issue,No,This is a routine tracking and delivery delay inquiry without signs of extreme anger or complex security risks.,@365811 Please give us a call: https://t.co/JzP7hlA23B in the morning and we'd be happy to review available options with you. ^EZ
Pedi um livro na Amazon e chegou em 2 dias parabéns vocês são muito pica @117086,Other/General Inquiry,No,"The tweet is a positive feedback/compliment regarding fast delivery, not a complaint or issue requiring action.","@806770 Oi Ana! Obrigado pelo carinho! Fala para a gente, que livro você comprou? Ficamos curiosos! 😍📚👏 ^JJ"
"@AmazonHelp @115850 Tried n tired explaining, IVR still not working, here is the proof 
Amazon.in IVR Malfunction https://t.co/Rd4XgVRlnt",Other/General Inquiry,No,"The customer is reporting a technical malfunction with the IVR system and providing proof, but the tone is frustrated rather than angry, and the issue is a routine technical support matter that can be handled by standard support channels.","@122486 I'd like to personally help you. Kindly fill in your details here: https://t.co/GIJyeYqKE0, and I'll look into it. ^NR"
@AmazonHelp Your employee Mark C said we would have a replacement by today at 4pm. Now emailing us telling us to wait 10 days and if we haven't gotten it he will send a replacement. Not okay!,Delivery/Shipping Issue,Yes,"The customer is expressing strong dissatisfaction ('Not okay!') regarding a broken promise by a specific employee and a significant delay in service, which requires human intervention to resolve the conflict and provide a concrete solution.",@288340 We'd like to look into this for you. Would you mind contacting us once more here: https://t.co/hApLpMlfHN? Please keep us posted on the outcome. ^RA
"@AmazonHelp Email says ""Friday November 17th"" Which is Tomorrow, like I say, going by the tracking there is no way that will happen.",Delivery/Shipping Issue,No,"This is a routine inquiry regarding a discrepancy between the estimated delivery date and tracking information, which can be handled by standard support workflows.","@727872 In some cases, tracking may not update until the item is closer to its destination. We still expect your order to arrive by 21:00 tomorrow. Please keep us posted on your delivery. ^RA"
"Godsdamnit! A timer just went off on my @115833 , and Alexa refused to listen when I asked her to stop!",Digital Services (Video/Kindle),No,"The issue is a functional glitch with a smart device (Alexa) which is typically handled by standard troubleshooting or automated support flows, despite the customer's frustration.",@204794 Oh no! Let's see if we can get Alexa listening to your commands again: https://t.co/ybaJ7bFtyi I hope this helps! ^FD
@AmazonHelp There is no message after 10:48 AM that to it was the reply of my telephonic conversation.,Other/General Inquiry,No,"The tweet is a general inquiry regarding a missing confirmation message after a phone call. It does not indicate anger, a complex technical issue, or a security risk, so it can be handled by standard support channels.",@350548 We are working on it and will get back to you soon with an update. ^SI
@115850 the biggest bazaar of second hand and faltu seller  and #Flipkart @118702,Other/General Inquiry,No,"The tweet is a general complaint comparing Amazon to a competitor (Flipkart) and does not describe a specific actionable issue, security risk, or complex problem requiring human intervention.","@174530 This isn't what we thrive to cater. Kindly let us know, where did we go wrong. We will help you. ^CB"
So my @115821 order still hasn't shipped and it's scheduled to arrive in an hour and fifteen minutes. #ItsNotComingIsIt #WheresMyOrder,Delivery/Shipping Issue,No,"This is a routine inquiry regarding order status and shipping delay, which can be handled by standard automated tracking or support flows.",@766652 I'm sorry for the wait. Please call us here: https://t.co/hApLpMlfHN so we can look into this further. ^CO
"@AmazonHelp No it doesn't, it refers to 79 quid to get next day delivery

And you can't manage your obligation,,,, don't give me small print!!!",Delivery/Shipping Issue,No,"The customer is complaining about shipping costs and terms, which is a routine service inquiry/complaint and does not indicate a severe security risk or complex technical issue requiring immediate human escalation.","@426862 If your order missed the estimated delivery date, please contact us for options: https://t.co/qy3J24VGxb ^AF"
@AmazonHelp Now also it showed your account is blocked,Account/Billing Issue,No,"This is a standard account access issue that can be handled by automated account recovery flows or standard support scripts, without indicating extreme anger or complex security risks.",@162488 the same further assistance. (2/2)^AU
@AmazonHelp Estimated date yet to come but once you say you're coming for delivery but you won't than that's not what we call as commitment,Delivery/Shipping Issue,No,"The tweet expresses frustration about a delayed or missed delivery but does not indicate extreme anger, a complex technical issue, or a safety risk. It is a general complaint about service reliability that can be handled by standard support channels.",@341369 Please wait till the estimated delivery date and I'm positive that the package will be delivered. ^HN
@AmazonHelp I got a mail saying that I can't register with a new account.. I asked the shut an account down and I got a different reply.. WTF,Account/Billing Issue,No,"The customer is frustrated about account registration and closure inconsistencies, but this is a standard account management issue that can be resolved by support without requiring immediate senior escalation.",@158485 Sorry for the trouble. Please revert to the email you've received. ^HN
@AmazonHelp can u reduce the price of mi max 2 like the flipkart sell..,Other/General Inquiry,No,"This is a general price comparison request, not a service failure or urgent issue.",@442155 Pricing is a decision of the seller and our prices do fluctuate on regular basis. The price you 1/2 ^EM
"Find myself asking why I pay for Amazon Prime, when my order doesn’t arrive! @115830",Delivery/Shipping Issue,No,This is a routine complaint about a missing order which can be handled by standard tracking and delivery support workflows.,"@155486 Oh no! I'm so sorry your order hasn't arrived yet, Deborah. Have we missed the delivery date provided in your confirmation e-mail? Let us know- we're here to help! ^BL"
@AmazonHelp I really like the @115821 Logistics delivery status map that shows how many deliveries are ahead of mine. This increases my confidence in the delivery commitment.,Delivery/Shipping Issue,No,"The tweet is a positive feedback regarding the delivery tracking feature, not a complaint or complex issue.",@759897 Thanks for letting us know! Feedback is very important to us. ^TR
"@AmazonHelp I️ would hope your tracking numbers don’t have any private info associated since they are emailed to me in plain text. 

It says: “Now expected November 23 - November 25. Please come back Sunday if you still don't have it and we'll help you out.”",Delivery/Shipping Issue,No,"The tweet is a general observation about tracking number privacy and a quote of a standard delivery status message. It does not indicate an active security breach, severe anger, or a complex issue requiring immediate human intervention.","@276099 Sorry Jon, it seems the order has been delayed during shipping. Have you gotten in touch with us regarding this via: https://t.co/hApLpMlfHN ^NV"
@AmazonHelp Would definitely drink to that the moment it happens :),Other/General Inquiry,No,"The tweet is a casual, positive comment with no specific issue or request for support.",@146877 Fingers crossed for that :) ^SY
"@AmazonHelp No need, now I have ordered from flipkart and they are delivering the same item in 24 hours.
Just see ur service and compare  with flipkart.",Other/General Inquiry,No,"The customer is expressing dissatisfaction and comparing services but has already resolved their need by ordering elsewhere. There is no active issue requiring intervention, complex problem, or safety risk.",@516092 I get your disappointment. Request you to give us another chance to try to fix it. Kindly reach out to our (1/2) ^GK
@AmazonHelp Amazon Id __email__ I have added ₹460 and make a Jio recharge 399. As per your offer 101 cashback+ 20% on first top-up.I didn't,Account/Billing Issue,No,"This is a routine inquiry regarding a missing promotional cashback on a digital recharge, which can be handled by standard support workflows without immediate human escalation.","@121407 Please don't provide your order details,we consider it to be personal information. Our page is visible to the public.2/2^SC"
Just a heads up @115821 #Amazon is scamming people and automatically enrolling them in prime membership with a button in the checkout process that just says either get free two day shipping or get started. There is no confirmation page if you click either auto signed 108 bucks!,Account/Billing Issue,Yes,"Customer alleges unauthorized automatic enrollment and billing, using strong negative language ('scamming'), which indicates a potential billing dispute requiring human review.",@672594 I'm sorry for the unexpected charge! You can learn how to end your Prime membership and about refunds here: https://t.co/s0ZspzdHlG. Please let us know if you have further questions or concerns! ^TG
@AmazonHelp Je vous DM,Other/General Inquiry,No,"The tweet is a brief notification that the customer is sending a direct message, containing no specific issue, anger, or complexity requiring immediate escalation.",@777906 Entendu :)
@115850  showing severe lack of professionalism in orders refund claim filed by me. Please find more on this with attached screenshot here https://t.co/URgiN3X6Js,Returns/Refunds,Yes,"Customer is expressing strong dissatisfaction and accusing the company of unprofessionalism regarding a refund claim, which indicates a high-risk situation requiring human intervention.",@350312 We would like to help. Please share your details with us here: https://t.co/GIJyeYqKE0. We'll get in touch shortly. (1/2)^CB
@AmazonHelp Already contacted 3-4 times in the last month. But all I got was assurance that matter is escalated &amp; new status will be provided in 1 day!,Other/General Inquiry,Yes,"Customer reports repeated failed resolutions and lack of communication over a month, indicating a complex or unresolved issue requiring human intervention.",@115849 Please share your details here:https://t.co/GIJyeYqKE0 and I'll get back to you. 2/2 ^HD
"@AmazonHelp While you appreciate my patience, I would appreciate if youll could understand my concern.",Other/General Inquiry,No,"The tweet is a general expression of frustration without specific details about a complex issue, severe safety risk, or extreme anger that requires immediate human intervention.",@148240 I get your concern about the cashback. We're currently working on your issue. We'll contact you once we have an update. ^PJ
@AmazonHelp non rien ! Ni dans mes spams.,Account/Billing Issue,No,"The customer is reporting a missing email (likely a verification, password reset, or order confirmation) and has already checked spam. This is a routine technical support issue that can be handled by standard troubleshooting steps or automated account recovery flows.","@220517 Le mieux serait de relancer notre service client. Veuillez le faire via le lien suivant : https://t.co/MBTDQip4Uh
^ARC"
@AmazonHelp No...,Other/General Inquiry,No,"The tweet is incomplete and lacks specific details about an issue, making it a general or unclear inquiry that does not meet escalation criteria.",@281653 Please contact us via this link: https://t.co/JzP7hlA23B so an agent can look into this further. ^JJ
@115821 kindly help just placed an order but want to change delivery address,Delivery/Shipping Issue,No,"Routine request to update delivery address for a recent order, which is a standard support task.","@454717 Hi there, you can edit your order as long as it hasn't shipped yet, here: https://t.co/JpDUez4JJa ^DW"
"@115830 on a roll this week. Booked a designated Prime delivery for today. Not on van yet and we're 30 miles from depot. Lost another delivery due on 21st, reordered to be delivered today. Not even dispatched. Apparently their busy, shouldn't promise what you can't deliver!",Delivery/Shipping Issue,No,"The tweet expresses frustration about delayed Prime deliveries but describes a routine shipping delay rather than a complex, safety-critical, or severe security issue. It can be handled by standard support workflows.","@147309 Hey Sandy, what is the current status of your order? Some orders go out for delivery later on in a day and are delivered that same day. Since we are in a very busy period some deliveries might take longer: https://t.co/WsyyKjh4VH ^MA"
Have spent literally hours with other companies on phone and in chats trying to resolve issues. Five minute chat with @AmazonHelp and problem is fixed. #greatcustomerservice,Other/General Inquiry,No,"The tweet is a positive testimonial praising customer service, not a complaint or request for assistance.",@664287 Thanks so much for your kind feedback! I'm happy we were able to help. We're always here if you need us! 😊 ^AB
"@115850 @AmazonHelp order-171-2324126-0293169
Product photo, description and actual product doesn't match. Cheated",Product/Item Defect,No,"The issue is a mismatch between the product description and the received item, which is a standard return/refund scenario. While the customer uses strong language ('Cheated'), it does not indicate a severe safety risk or complex technical issue requiring immediate human escalation.","@354135 Please don't provide your order details, we consider it personal information. Our Twitter page is visible to public. 2/2 ^AS"
@AmazonHelp All it shows is the company I ordered from...I'm assuming third party. When I checked their profile on return policy. It says they follow,Returns/Refunds,No,"The customer is inquiring about the return policy of a third-party seller, which is a routine policy question that can be handled by standard support resources or automated responses.",@126707 Have you been able to resize the image? ^NM
@115850 one of the worst customer service experience with Amazon India. Ordered an item on 5th and today is 8th no update?,Delivery/Shipping Issue,No,Routine shipping delay inquiry without severe safety risks or extreme aggression.,@201315 Sorry about that. Could you tell us the delivery date that was promised while placing the order? ^SK
@AmazonHelp Do you have a customer services number that I could call to see where the driver or delivery actually is?,Delivery/Shipping Issue,No,Routine inquiry about delivery status and contact information.,"@298112 Definitely, Lee! You can contact support here: https://t.co/JzP7hlA23B . Let us know if you need further assistance! ^AD"
"@AmazonHelp i dont know , it tells me im on both settings , this is what it says https://t.co/mgs8mfbO96",Account/Billing Issue,No,"The customer is reporting a configuration or settings conflict, which is a technical support issue but not indicative of severe anger, safety risk, or complex billing fraud. It can be handled by standard support workflows.",@184641 Please reach out to us directly here: https://t.co/JzP7hlA23B and we can look into this further. ^PK
"@AmazonHelp Hey NV, thanks for getting back to me! My account is registered with the .co.uk site and, yeah, I can still access my account on the browser!",Account/Billing Issue,No,"The customer is providing information regarding their account access and registration details in a positive, cooperative tone. There is no anger, complex technical failure, or security risk indicated.","@666750 So strange! For us to be able to take a closer look into this, let's troubleshoot this in real time with you here: https://t.co/JzP7hlA23B ^JZ"
"@117804 Comprei e me arrependi, a bateria não dura 3 horas",Product/Item Defect,No,"The customer is reporting a product performance issue (battery life) and expressing regret, which is a standard product complaint suitable for automated handling or standard support workflows, not requiring immediate human escalation due to anger or safety risks.",@362675 Olá! Sentimos muito o acontecido. Você verificou se o Kindle tem a última atualização de software: https://t.co/wn9cu30VQq ^HC
@AmazonHelp 了解です！,Other/General Inquiry,No,"The tweet is a simple acknowledgment ('Understood!') with no specific issue, complaint, or request requiring action.",@278196 🙇🙇 YM
"disgusted @115821 . Take money upfront, promise deliver for which I wait in for and cancel at last minute.. still keeping my money",Delivery/Shipping Issue,No,"The customer is expressing frustration about a cancelled order and retained funds, which is a routine billing/shipping dispute that can be handled by standard refund procedures without requiring immediate human escalation.",@336240 I'm sorry for the frustration! This is not the expectations we have set. Can you please tell us which site you order from? ^AC
@AmazonHelp Why?,Other/General Inquiry,No,The tweet is too vague to identify a specific issue or indicate anger/complexity; it requires clarification rather than immediate escalation.,@665473 There may also be technical or licensing reasons why we're unable to deliver a product to a particular country. You'll find more information about where the various product groups can be sent to here: https://t.co/JRnvCUoFCz ^SK
"Hallo @AmazonHelp... Wie kann es sein, dass bei Prime sowas passiert? Das lief früher deutlich besser. Bin not amused https://t.co/VIQRVG2d6T",Other/General Inquiry,No,"The tweet is a general complaint about Prime service quality without specific details on a complex issue, severe safety risk, or extreme anger that requires immediate human intervention.",@308072 Da ist wohl etwas unvorhergesehenes dazwischen gekommen. Gerne schaut sich das unser Kundenservice an: https://t.co/24XL9C4y1x ^KM
@AmazonHelp It says it was delivered September 27th,Delivery/Shipping Issue,No,Routine tracking/delivery status inquiry,"@447523 We'd like to look into this. If you have a moment, please contact us by phone or chat here: https://t.co/hApLpMlfHN. ^LH"
"@AmazonHelp Yes I am, I've even tried to make a new account and try the trial but it still doesn't work.",Account/Billing Issue,No,"The customer is reporting a technical issue with account creation or trial activation. While they have tried a workaround, the tone is not aggressive, and this is a standard technical support issue that can be handled by automated troubleshooting or a standard support queue without immediate human escalation.",@392671 Have you tried clearing the cache and cookies to the browser? What about trying a different one? ^MH
@116090 #intelcom ? More like intelcunt. My one-day/same-day shipping became 1 week shipping. More like shitting tbh.,Delivery/Shipping Issue,No,"Despite the profanity, the core issue is a routine shipping delay complaint which can be handled by standard support workflows.",@411764 I'm terribly sorry for the issue with your delivery! So we can look into available options with you: https://t.co/Q7Ftz6nj80 ^JA
@119625 Woww... too quick . Thanks for reply guys @115851 hike their pay please .,Other/General Inquiry,No,"The tweet is a casual, positive comment regarding the speed of a previous response and a lighthearted suggestion, containing no actionable support issue or anger.","@282890 You're most welcome, Chandru. 🙂 ^NK"
Hey @AmazonHelp just received my package and only one of three items were not damaged. What are you going to do for me? Very upset and disappointed. https://t.co/AUDOuvLUFy,Product/Item Defect,No,"This is a standard damaged item claim which can be handled by automated support workflows for returns/refunds, despite the customer's expressed disappointment.","@276638 This looks messy! I'm so sorry this happened, Steve. We'd like to help! Please reach out to us via phone or chat for available options here: https://t.co/hApLpMlfHN  ^JP"
@120533 Mhh et là il est 21H et la Boîte aux Lettres toujours aussi vide... Sympa de payer pour ne pas être livré ! https://t.co/tC17BalykO,Delivery/Shipping Issue,No,"The customer is complaining about a late delivery, which is a routine shipping issue. While the tone is sarcastic and frustrated, it does not indicate severe anger, a safety risk, or a complex technical problem requiring immediate human intervention.","@742147 Bonsoir, je suis sincèrement désolée pour cela, votre colis est pris en charge par quel transporteur je vous prie ?
^KE"
Y tho? :( @AmazonHelp https://t.co/zH5v9Suqv9,Other/General Inquiry,No,"The tweet is vague and lacks specific details about the issue, making it a general inquiry that does not indicate anger, complexity, or safety risk.","@305811 I'm very sorry for the damaged order! Just to confirm, which Amazon site was this ordered from (.com, .co.uk, .es)? ^WT"
@AmazonHelp es respecto a vuestro pedido  407-6218908-1093168 que ya lleva un importante retraso por problemas logisticos de Seur,Delivery/Shipping Issue,No,Routine shipping delay inquiry regarding a specific order; no signs of extreme anger or complex security issues.,@752996 Recuerda que este es un medio público y no es recomendable compartir datos como número del pedido. 1/2
@AmazonHelp ChromeでAmazonのページ読み込みが大体終わったタイミングでハングアップが発生して一定時間動けなくなります。キャッシュ削除・再起動しても変わらず。Safariでは症状が出ません。(環境続けて書きます),Other/General Inquiry,No,"This is a technical browser compatibility issue (Chrome hang) that has been partially troubleshooted by the user. It is not a severe security risk or an expression of extreme anger, and can be handled by standard technical support channels or auto-response with troubleshooting steps.","@350051 詳細な状況のご連絡ありがとうございました。
担当部署に報告のうえ、確認させていただきます。
なお、何かわかり次第、改めてご連絡をさせていただきますので、ご不便おかけするかと存じますが、それまでSafariなどの別ブラウザにてご利用くださいませ。TY"
@AmazonHelp Yeah contacted you guys through chat. Said that new delivery date MIGHT be on Monday. Well lets see what happens on Monday.,Delivery/Shipping Issue,No,"The customer is expressing mild frustration about a delayed delivery but is not angry, threatening, or describing a complex issue. It is a routine shipping status inquiry.",@239366 Thanks for the update. Please keep us posted. ^GG
